{
  "Admiration": 0.098907470703125,
  "Adoration": 0.0187530517578125,
  "Aesthetic Appreciation": 0.02364349365234375,
  "Amusement": 0.0350341796875,
  "Anger": 0.016942977905273438,
  "Anxiety": 0.009956836700439453,
  "Awe": 0.0160675048828125,
  "Awkwardness": 0.027439117431640625,
  "Boredom": 0.0387115478515625,
  "Calmness": 0.32110595703125,
  "Concentration": 0.572021484375,
  "Confusion": 0.014186859130859375,
  "Contemplation": 0.0923919677734375,
  "Contempt": 0.02923583984375,
  "Contentment": 0.062408447265625,
  "Craving": 0.0055828094482421875,
  "Desire": 0.0044231414794921875,
  "Determination": 0.265625,
  "Disappointment": 0.016097068786621094,
  "Disgust": 0.011632919311523438,
  "Distress": 0.016529083251953125,
  "Doubt": 0.01221466064453125,
  "Ecstasy": 0.009737014770507812,
  "Embarrassment": 0.010062456130981445,
  "Empathic Pain": 0.006711483001708984,
  "Entrancement": 0.009275436401367188,
  "Envy": 0.005188941955566406,
  "Excitement": 0.0558929443359375,
  "Fear": 0.007445335388183594,
  "Guilt": 0.004189014434814453,
  "Horror": 0.003804445266723633,
  "Interest": 0.28955078125,
  "Joy": 0.02654266357421875,
  "Love": 0.00865936279296875,
  "Nostalgia": 0.011678695678710938,
  "Pain": 0.007690548896789551,
  "Pride": 0.13458251953125,
  "Realization": 0.019245147705078125,
  "Relief": 0.01404571533203125,
  "Romance": 0.0044384002685546875,
  "Sadness": 0.005566120147705078,
  "Satisfaction": 0.127960205078125,
  "Shame": 0.004030108451843262,
  "Surprise (negative)": 0.00482630729675293,
  "Surprise (positive)": 0.010931015014648438,
  "Sympathy": 0.011167526245117188,
  "Tiredness": 0.007060050964355469,
  "Triumph": 0.03199005126953125
}